Project,GitHub Link,Skills
Customer Churn Prediction,https://github.com/example/churn-prediction,"Machine Learning, Classification, Python, Pandas"
House Price Prediction,https://github.com/example/house-price,"Regression, Feature Engineering, Scikit-learn"
Credit Card Fraud Detection,https://github.com/example/fraud-detection,"ML, Anomaly Detection, Imbalanced Data"
Movie Recommendation System,https://github.com/example/recommender,"Recommender Systems, Collaborative Filtering"
Sales Forecasting,https://github.com/example/sales-forecast,"Time Series Analysis, ARIMA, Forecasting"
Image Classification CNN,https://github.com/example/cnn-project,"Deep Learning, CNN, TensorFlow/Keras"
Sentiment Analysis on Tweets,https://github.com/example/sentiment,"NLP, Text Processing, Classification"
Stock Price Prediction,https://github.com/example/stock-lstm,"LSTM, Time Series, Deep Learning"
Spam Email Classifier,https://github.com/example/spam-filter,"NLP, Classification, Naive Bayes"
Heart Disease Prediction,https://github.com/example/heart-disease,"ML, Healthcare Analytics, Classification"
Clustering Customer Segments,https://github.com/example/customer-clusters,"Unsupervised ML, KMeans, EDA"
Object Detection YOLO,https://github.com/example/yolo-detect,"Computer Vision, YOLO, Deep Learning"
Loan Default Prediction,https://github.com/example/loan-default,"Machine Learning, Financial Analytics"
Weather Forecasting,https://github.com/example/weather-forecast,"Time Series, Data Engineering"
Chatbot using NLP,https://github.com/example/nlp-chatbot,"NLP, Seq2Seq, Transformers"
Network Intrusion Detection,https://github.com/example/intrusion,"Cybersecurity, ML, Classification"
Handwritten Digit Recognition,https://github.com/example/mnist,"Deep Learning, CNN, MNIST"
E-commerce Analytics Dashboard,https://github.com/example/ecommerce-dashboard,"Data Visualization, Power BI, Python"
COVID-19 Data Analysis,https://github.com/example/covid-analysis,"Statistics, Data Cleaning, Visualization"
Airbnb Price Prediction,https://github.com/example/airbnb-price,"Regression, Feature Engineering, EDA"
